Address,Balance
34xp4vRoCGJym3xR7yCVPFHoCNxv4Twseo,"143,528.46"
35hK24tcLEWcgNA4JxpvbkNkoAcDGqQPsP,"141,451.60"
bc1qgdjqv0av3q56jvd82tkdjpy7gdp9ut8tlqmgrpmv24sq90ecnvqqjwvw97,"98,510.99"
1P5ZEDWTKTFGxQjZphgWPQUpe554WKDfHQ,"97,221.65"
37XuVSEpWW4trkfmvWzegTHQt7BdktSKUs,"94,505.83"
38UmuUqPCrFmQo4khkomQwZ4VbY2nZMJ67,"92,307.49"
3Kzh9qAqVWQhEsfQz7zEQL1EuSx5tyNLNS,"82,750.23"
1FeexV6bAHb8ybZjqQMjJrcCrHGW9sb6uF,"79,957.21"
bc1qa5wkgaew2dkv56kfvj49j0av5nml45x9ek9hz6,"69,370.17"
37tRFZw7n94Jddq6TfVs3MbCXmDX6eMfeY,"68,101.57"
3JurbUwpsAPqvUkwLM5CtwnEWrNnUKJNoD,"65,236.71"
1LdRcdxfbSnmCYYNdeYpUnztiYzVfBEQeC,"53,880.06"
1AC4fMwgY8j9onSbXEWeH6Zan8QGMSdmtA,"51,830.36"
1LruNZjwamWJXThX2Y8C2d47QqhAkkc5os,"44,000.09"
385cR5DM96n1HvBDMzLHPYcw89fZAXULJP,"41,701.87"
bc1qvpgyac88vqtslewxu7yu9dqwp8rd83zch55zpm3xgn3mgg72w3kqv0s8qa,"41,245.00"
3P5RCQv6k5Gc9WixzU4MAxZ69CsW1eta2q,"40,913.96"
3FGKwP7XQA9Gb27if7zQGJSSynbzWLrV3p,"40,862.48"
bc1q5shngj24323nsrmxv99st02na6srekfctt30ch,"40,000.33"
3D8qAoMkZ8F1b42btt2Mn5TyN7sWfa434A,"36,000.87"
17hf5H8D6Yc4B7zHEg3orAtKn7Jhme7Adx,"36,000.01"
bc1qt4h06ssqtwncv5rtf8c8v53emwmvr9j5peq9quj9vf0jzu2egnxqpesxny,"34,373.99"
12XqeqZRVkBDgmPLVY4ZC6Y4ruUUEug8Fx,"32,354.00"
3LCGsSmfr24demGvriN4e3ft8wEcDuHFqh,"31,834.43"
12ib7dApVFvg82TXKycWBNpN8kFyiAN1dr,"31,000.07"
3MMZmbKm9ZbM2VwqcVpG98thDP5JAhgVvb,"28,406.39"
12tkqA9xSoowkzoERHMWNKsTey55YEBqkv,"28,151.06"
36KAwNUR8VeLpUfGwdk7LEN6F4yvoRWMjn,"27,708.97"
1NDyJtNTjmwk5xPNhjgAMu4HDHigtobu1s,"26,720.17"
17MWdxfjPYP2PYhdy885QtihfbW181r1rn,"24,495.35"
19D5J8c59P2bAkWKvxSYw8scD3KUNWoZ1C,"23,969.00"
3ETUmNhL2JuCFFVNSpk8Bqx2eorxyP9FVh,"23,571.35"
1AnwDVbwsLBVwRfqN2x9Eo4YEJSPXo2cwG,"23,227.62"
1HP4M9g82YYeybgR3TBHMgDaWnKRbKvKbp,"23,023.30"
1932eKraQ3Ad9MeNBHb14WFQbNrLaKeEpT,"22,899.99"
1MDq7zyLw6oKichbFiDDZ3aaK59byc6CT8,"22,400.00"
14eQD1QQb8QFVG8YFwGz7skyzsvBLWLwJS,"22,211.17"
1aXzEKiDJKzkPxTZy9zGc3y1nCDwDPub2,"21,605.52"
3LYJfcfHPXYJreMsASk2jkn69LWEYKzexb,"21,601.14"
bc1qtw30nantkrh7y5ue73gm4mmy0zezfqxug3psr94sd967qwg7f76scfmr9p,"20,136.24"
17rm2dvb439dZqyMe2d4D6AQJSgg6yeNRn,"20,008.00"
3DVJfEsDTPkGDvqPCLC41X85L1B1DQWDyh,"19,906.54"
3EiEN1JJCudBgAwL7c6ajqnPzx9LrK1VT6,"19,646.34"
3H5JTt42K7RmZtromfTSefcMEFMMe18pMD,"19,586.84"
35pgGeez3ou6ofrpjt8T7bvC9t6RrUK4p6,"19,416.94"
1PeizMg76Cf96nUQrYg8xuoZWLQozU5zGW,"19,414.43"
bc1q5pucatprjrqltdp58f92mhqkfuvwpa43vhsjwpxlryude0plzyhqjkqazp,"19,334.99"
3HAhWeTzbv8muscwgsgbKuVBLWF3PKC7Ds,"19,200.00"
1GR9qNz7zgtaW5HwwVpEJWMnGWhsbsieCG,"15,745.56"
15DzxWRD5kzGHiUD6hyjfVLiMC3u8A9RUS,"15,233.76"
1KUr81aewyTFUfnq4ZrpePZqXixd59ToNn,"15,000.00"
3BMEXqGpG4FxBA1KWhRFufXfSTRgzfDBhJ,"14,825.13"
3FupZp77ySr7jwoLYEJ9mwzJpvoNBXsBnE,"14,086.30"
1BZaYtmXka1y3Byi2yvXCDG92Tjz7ecwYj,"14,000.00"
14XKsv8tT6tt8P8mfDQZgNF8wtN5erNu5D,"13,002.00"
bc1qx9t2l3pyny2spqpqlye8svce70nppwtaxwdrp4,"12,545.40"
1HBM45n214sV9yXoizBwTksUgEysTPpk46,"12,000.29"
1EDRfeNkjkH2SAhSbEKzhKuabnEbVWbKEp,"12,000.00"
14YN9Zsx4H8DXUoK2XfRvjuanfjK1RrkHz,"12,000.00"
1Hyh53PULY6Jyq5LPAJ4CHjgzEbVaqy7KU,"12,000.00"
1Cb1G5qFK91fShyaPPZWVFwYFBtqRG7h8D,"12,000.00"
1C1bbDApniTd7DtUodpr3ayXxVtcHvwWgx,"11,901.54"
1LyTftu54VMYCv5pq3S4pMzPRMnsYKTESw,"11,826.94"
3FpYfDGJSdkMAvZvCrwPHDqdmGqUkTsJys,"11,768.67"
3GaCKBMiUEVdMfwR25suiszbNEydGz7Q9c,"11,610.85"
14zukxqLuLXg5kqZYRB1Q3Audec3NtxJPW,"11,104.98"
19G5kkYvjawZiYKhFeh8WmfBN31pdP94Jr,"11,102.00"
3JSssZCJ3PHEdgNv7hzNE26EEzzvYNjZLy,"11,001.08"
1F34duy2eeMz5mSrvFepVzy7Y1rBsnAyWC,"10,770.53"
bc1qhd0r5kh3u9mhac7de58qd2rdfx4kkv84kpx302,"10,500.00"
1f1miYFQWTzdLiCBxtHHnNiW7WAWPUccr,"10,009.26"
3E5B5QbDjUL471PEed9vZDwCSck9btBLkD,"10,001.74"
14YK4mzJGo5NKkNnmVJeuEAQftLt795Gec,"10,000.03"
1KbrSKrT3GeEruTuuYYUSQ35JwKbrAWJYm,"10,000.02"
1Ki3WTEEqTLPNsN5cGTsMkL2sJ4m5mdCXT,"10,000.02"
1P1iThxBH542Gmk1kZNXyji4E4iwpvSbrt,"10,000.01"
12tLs9c9RsALt4ockxa1hB4iTCTSmxj2me,"10,000.01"
1BAFWQhH9pNkz3mZDQ1tWrtKkSHVCkc3fV,"10,000.01"
1ucXXZQSEf4zny2HRwAQKtVpkLPTUKRtt,"10,000.01"
1CPaziTqeEixPoSFtJxu74uDGbpEAotZom,"10,000.01"
33QoG5ioV4hseifKT9iaqrmD2eis7DicWA,"10,000.01"
3Fr1mGhnPAQ9YDf1dzg4B47PkX5TuvFtYv,"10,000.00"
1LfV1tSt3KNyHpFJnAzrqsLFdeD2EvU1MK,"10,000.00"
1PN1xjngm9jhY9duuR8af7CXmK3QVcsixJ,"10,000.00"
3DwVjwVeJa9Z5Pu15WHNfKcDxY5tFUGfdx,"10,000.00"
1Kx4QFupZ9vKFmUDhsptfSBPEKXJKV5MuN,"10,000.00"
1AMDVupuTEeTSnKi6LoSFBqikQybufZsv1,"10,000.00"
1JpAvQxbxurhU8wfxszCtzFey4D6N8goJv,"10,000.00"
1DTmjcZo3MMH9MscHizTLjrUxnvwvSLdf7,"10,000.00"
1LbUMzM7tmyVJCpzBJTi5ZVmRb2Vn8mwVH,"10,000.00"
182p5CrqfDxvonznRyi5AUBwsCkDX8eYMe,"10,000.00"
1EU2pMence1UfifCco2UHJCdoqorAtpT7,"10,000.00"
1AFNceZVB2MshqU5AEoxg14R7LrUx6Un6C,"9,982.42"
3265tcUcp8dBhBBwp4rKN3iyUptuHkzMq7,"9,758.56"
1Kd6zLb9iAjcrgq8HzWnoWNVLYYWjp3swA,"9,707.13"
1NRvGNx72TJAw6eJrFxpz7mdxQfxNSBdkk,"9,621.39"
bc1qajh7jfy44sswutqlwj2tz9wcejpxrgflc8penw,"9,500.00"
1P9fAFAsSLRmMu2P7wZ5CXDPRfLSWTy9N8,"9,424.78"
1HLvaTs3zR3oev9ya7Pzp3GB9Gqfg6XYJT,"9,260.02"
1BxgwUXszgVMrs9ZSfdcGLqne2vMYaW8jf,"9,195.39"
3BMEXxSMT2b2kvsnC4Q35d2kKJZ4u9bSLh,"9,173.26"
bc1qx3n5ky4d44t4uy3prk0h90j2ujgyj342fuq2sa,"9,156.53"
3EMVdMehEq5SFipQ5UfbsfMsH223sSz9A9,"9,133.67"
bc1q4ph3834lsfcx87k3hh3jmzkrfygthtswtpcjnst4dnjqfjvrsjfqznurmz,"9,119.99"
bc1qh4cpaydaqlzez8ekkasm3ygj4us7gwxsghh047,"9,111.91"
17CzhFvGwH6TT46JtzhnhMpTw4mHYpEGCR,"9,107.36"
bc1q78wmm8xnhveklsparpeq6drlg9wlq4lyahkqfp,"9,099.00"
1Cr7EjvS8C7gfarREHCvFhd9gT3r46pfLb,"9,049.83"
19pnUzv5KHALEu3DRpyHogT6N3BeHbqJrS,"9,037.98"
1FqM3gyBgLxBrvg6Kx1R33Qs8jsLRGprgf,"9,016.22"
1J1F3U7gHrCjsEsRimDJ3oYBiV24wA8FuV,"9,000.00"
167ZWTT8n6s4ya8cGjqNNQjDwDGY31vmHg,"8,999.01"
1Bm3yQ1XGbboSruyfVmadaf4TXHedBmKxG,"8,851.45"
3HroDXv8hmzKRtaSfBffRgedKpru8fgy6M,"8,625.38"
bc1qhszrd0ef5we6mg3r7xgl05g8rx06xll8yrwmjh,"8,611.05"
19rxQRpXBMQcbsYcxo6w9xL54o1sXDeXdA,"8,539.50"
3QB2qhnj5Xxwhh3GKcfwQDSkL91BCCn5cp,"8,351.00"
178KR5zk2Z2rc6rWdczpHBAokBDkjoC8jC,"8,253.25"
bc1qzxddlq3ke6mknyzh949nslx68dl705sgusn40rpw6ngrlq202twssl4umm,"8,191.99"
1QHVStz4ALAF8LFokjLy9QFaZKUFdraxeo,"8,150.00"
1JU5gDTe6wvMEymgrHx2fobPeHEQiQNwLN,"8,099.97"
36hbDz8GSBpQdEf2UzcKieCNxSA3HS17JX,"8,063.90"
18zuLTKQnLjp987LdxuYvjekYnNAvXif2b,"8,020.70"
3MPcUSHeWCSxCUsJtTS2L2zZfWLvorNFef,"8,002.90"
3PWn1AGqo8HWH8mXSsxx1Ytk87zMAAziFU,"8,000.03"
17SAATrqavNbzmqBwqxzZc7rK6u9Rmi9hE,"8,000.00"
198aMn6ZYAczwrE5NvNTUMyJ5qkfy4g3Hi,"8,000.00"
18f6y4uWnLd7VPzfR2c1dMboihghXYHRH3,"8,000.00"
1MYv4C4hZ7hC5sbHrPkzvmNoozQgnHKeAU,"8,000.00"
1Lan1sQzYGViDZskUFmnitJvfejn2jYdNS,"8,000.00"
17RmGC3i2dASQai3mP9iJLX3ZD9TBm2YQV,"8,000.00"
18oRfGoPpb6bkQdACnD6dVYWceeWURK5R6,"8,000.00"
1PL2cmmMLmGGDtqaSZJY8DR1iKJaziEPJv,"8,000.00"
15mxk4fKk9ggQ4fikNWKpasahsdXZNdVu2,"8,000.00"
14KzHoS5dXbhy2kBevNKLz2ZMtjaqHkKWZ,"8,000.00"
12Gjyd3MMR7Dj2KwCxw71wwzZXVp2xy8nK,"8,000.00"
16dyizLarM2N4UjGaEFPESNmJC5vEALtZX,"8,000.00"
1DdxS8CheskxKAPPbG8Uq4Qts8kS4x1tt2,"8,000.00"
13nwifHUz5ZfHuQhk5ETJ4BhmqbuQdvTFp,"8,000.00"
1LRXrhZRLVTjGCPFphPsXZfeHesRigm59r,"8,000.00"
13nwifHUz5ZfHuQhk5ETJ4BhmqbuQdvTFp,"8,000.00"
1Cus9pZdkckCz23bDAsKMY6aLSQ7CmuHyw,"8,000.00"
1Kphp4WNPLpScp5T5f63jnVS9ohK6a86g7,"8,000.00"
17GAbQ5DSqnEhyrMMLd9yaraAmVyvoZJ3Z,"8,000.00"
1Djs2VyBVr6MYNcGVaHAr8B3N1mViS5yoo,"8,000.00"
1C7u4Zqu6ZZRsiKsFMYVDvNLfCwsGrbeTq,"8,000.00"
157ZXCYfK6NqBiFLkoLDt3PN8KyE8xdTu5,"8,000.00"
16BBBjvAArL3zdb1Fh1isr2w2hX7K1K4Gm,"8,000.00"
1GBWcQuY5aD6e2zrbdb38j7pizVr2wcJnC,"8,000.00"
13pTeUzSU4nwkM72hM6e8AcP2d8LudZBjc,"8,000.00"
1FMbcnYvvccZ6hR324cFRpn1QX9TCkqtAe,"8,000.00"
1NJdKoBkKQNg6aYL9HTKyQ5SgfjZQDz3y3,"8,000.00"
12mJZGPCWf5C2ap2dUdJiuGr8eWAvi6E5M,"8,000.00"
16H2Fe9MgxZ1jXW3TaXbgWh3SJfwyxQUTp,"8,000.00"
1Eqj1APg1dkcPH7CmHJ6SzRwtJRLpxtBFA,"8,000.00"
19om4Guv9QmVesS7AewMUyE5JUJ9H7xwNN,"8,000.00"
17rVQwoL5v18KfoQJNMMoMBm3rDjodxw1m,"8,000.00"
1KoiNofDvcUrrVfxgqpRZixWXNXo6d2kfQ,"8,000.00"
18Ayw3caz2xGDhTfz1nJxLw1NURPtBNJnn,"8,000.00"
1MLsZmbT3mgmm6zLkTR26yJHVfn8BSdqqd,"8,000.00"
134ooU6EQmCFFzEPN7yga3S1XikcBtynco,"8,000.00"
18saWjMCchDTGWunefuDJSWNdz4p6KtfBL,"8,000.00"
16BiUbH8yxFmCJs4ArtyTgHKfXQFvkvPNr,"8,000.00"
1gvH7pGPrEBNjqmwYS8UDhjFQkyqkKCLE,"8,000.00"
1Fjom9b9wvp3HPi2ZS9hqXQwJpXcjumSYJ,"8,000.00"
1Le1X8LJb4VkFsfktiUY7V7wMRhniu5Xgn,"8,000.00"
1HGdi2AtuvBUcdTFe62sKd7ZAFzoG7iQLb,"8,000.00"
1Fn4FSiHFr9SgbQ3ccsybN9f3RF1omst4x,"8,000.00"
1M9pAdfhGHtQkhGRijApWAkkrPCduvV6Zi,"8,000.00"
1BMi633XQ8jt45Tb5EvZ4xdZHb2GzxKSfb,"8,000.00"
19F4xZNBxtPAdMqFudr2LDH5efeeUYF21x,"8,000.00"
17GyU83L63BtxtpDgv8LmhhtmvcrXbfVt1,"8,000.00"
1Gjkd1hwrJxM9h5Sj1W5bfEN6km1qkVCg4,"8,000.00"
12US3aeNibsxe7Lhascm4AmvGiTxwSdD4X,"8,000.00"
1BMi633XQ8jt45Tb5EvZ4xdZHb2GzxKSfb,"8,000.00"
1Jc7vYQHCnmdyhbpcv5o3pYtUbH6Sk139z,"8,000.00"
15ZQJagAa2iUCwpQXUUCZ4BfzFW5TAVyJj,"8,000.00"
1Dt4Q2ofKUtHwvjN45tAUfikNBfJrDERcZ,"8,000.00"
1JaUiAyoRXr4kqxm3ZQP5uFZmF57bkqXbu,"8,000.00"
1J2zKTQnSrLJMXZTnA3a5ky1W2L3PJhagC,"8,000.00"
1Jc7vYQHCnmdyhbpcv5o3pYtUbH6Sk139z,"8,000.00"
12US3aeNibsxe7Lhascm4AmvGiTxwSdD4X,"8,000.00"
1D3AHKaQbtPLVwYB1L9ATAPXo14xVA2Hjc,"8,000.00"
1Dr1pZDgpowHDGJrUNTithDL33TdriFMzE,"8,000.00"
1N4yKFsFPjjoJyo3BAKUWpcs3SUghfgJkH,"8,000.00"
15QFkJUWFZ6QRpTrzUitH2Egyf1JTngVgV,"8,000.00"
1NQWCZqRYvANz3iX1Wnczpm277VEYvcAee,"8,000.00"
1T7m8nSs5Yh3YuLNoHPb5ehwN3LRVEchn,"8,000.00"
1HG6NbWmJjjSE1Z6oPetWG3nnKrQxgBN3a,"8,000.00"
13jh1fCa6pCFTcCH1H6MXDWLa9zajtniMT,"8,000.00"
1FrfmxAhYRNU9ebotDHP9FqLbe54QZVcfi,"8,000.00"
1BbSZNNhoBUCFGMfnscBDXf7PH1takoMga,"8,000.00"
1E1SKgxgYJFXzaLxgat2FNSnwWeKz1U15N,"8,000.00"
12yePmcVhMzzHYwh4BpVF3Cm1bYL9mqyKc,"8,000.00"
1FtHBKrYkDchMA1pwRTpYZ77TpfwSgh6iF,"8,000.00"
1JeTiSWo8pYWcNaTH4c3CfheAwVDYRoy1Q,"8,000.00"
17wADqWPK8wZfpRmPkauviq2VDBmhm82rM,"8,000.00"
1AfHER73jneZAEAHNiz5dBKnrzeWcMJM5i,"8,000.00"
1EUgoa25tkqMUYh7PXzDfqqNP5PtHKZmct,"8,000.00"
1NJdqNoC7uPh7MqQhyEynRn9htstEELZDn,"8,000.00"
1Ja7G9JJRw8w8WWnMzw7PwYehhiZmhESkC,"8,000.00"
1LuEe5Xkf1eA493SvsKwjPTS9RkW9JV9N2,"8,000.00"
15TbabdR3FKJMpRxDeEetezWKGJwdGXbTY,"8,000.00"
1PnsNtAqmHQKxyqKS843J9aegdJsXr5rpD,"8,000.00"
1CptxmzfRyU2rF3VJ6q8wa2tkh3cm82p9P,"8,000.00"
3Hdj2n5DEKPGsRd5md85exAXdwnRbomWTy,"8,000.00"
33C6kjmmGp2mrS6coGn627an3xpiRpEyhX,"8,000.00"
3NNsvp7bfeihJTiGbiL3t6jH3jUbRERsB7,"8,000.00"
1AXskHt4ZwVZLonZV8BMDxh4V65ec41KMJ,"8,000.00"
1JnfbQerGjFHVq28945y1bhoUHpn6vKM9v,"8,000.00"
3Mzdh31vo6wUPTWnZ7GncPPWXA1WDopkhm,"7,999.90"
1BcAtWddaU1jHWgQvM7dpM5SefoVgUHEuC,"7,997.50"
16AwohLXw9A8bAmZagVVr6osGu2tUgBTRH,"7,976.71"
1GcPTDtNXuPghJU5qSGvkPQ99nhWrbQaYR,"7,960.35"
14ACC7ftHQS6guKJi3FCTEyCw94dHnRZjJ,"7,953.96"
1CsAkAsjTTRAuRw39fRQj7pxKn3fjEuYsT,"7,950.74"
15Z5YJaaNSxeynvr6uW6jQZLwq3n1Hu6RX,"7,941.06"
13TM7PLtf1Ujo9t9pk9RSyrv1ts119PNK5,"7,940.15"
1GBzbXJmcMjnDyTW2yKJFfeXUGicG1zpC4,"7,929.89"
19yLTkx4jggSnjdiGkkhNwTjZUyY5T8kEA,"7,894.22"
1GaSQcWg3R98qf5sTWetwjjMh6ehxj25Gp,"7,866.30"
13AiVabLoTcYTdaFcFYtpFFmCFagjiUwE2,"7,866.17"
12T7nyMrAnd13UAMYCCJZ8Fw7PpMGPRFsi,"7,861.99"
1LjUYdf8mQk9DsrVvuPYeHyJKQq5V1MLsT,"7,819.63"
1MH8s3qc4F2GZNod1R43qeysSB2ssZCXb,"7,811.71"
1KHw7yzqoWto1DCGqn7QihoLmzbYWCqNcR,"7,809.26"
1Gtpfqoo8stQw2E4vCbZZbJBBZvYzzCeRy,"7,803.95"
39e7mxbeNmRRnjfy1qkphv1TiMcztZ8VuE,"7,737.00"
1HG3P4Jwk2ZqS4asxqesb9336NcLPY8fYj,"7,730.70"
3HCdgNiAsjidcGx4eeMK9AXvXBfrnteunW,"7,700.00"
3M3dFhFfHWa2YnWMGcjUG3k1XgizKEv34J,"7,698.99"
3Jz9R3Eevdx2nrSidWt6ZB3fntznCcZ5TN,"7,401.41"
1JfXLzQvYPZHNzX4vhH6aoetGDfcPD1YEX,"7,300.00"
34ovCavdkQgEYbrJk9Q1onhK7uWqq6J7DC,"7,296.18"
1C6w1SjUv7yRcWGcASAUzfTuxeKsbexBNh,"7,215.24"
1Pkn52aXeEYi6EczPAW2jxLVsRrtMhSY5U,"7,206.30"
35ULMyVnFoYaPaMxwHTRmaGdABpAThM4QR,"7,201.25"
1B4U28Yc1JmSQbpzzSfavEskTPMvBRphyD,"7,081.59"
13eEt6myAo1zAC7o7RK5sVxxCNCAgd6ApH,"7,000.14"
1DzjE3ANaKLasY2n6e5ToJ4CQCXrvDvwsf,"7,000.00"
15YMdTNT83UJqfpaZfDccy9yBYQFxHxVFt,"7,000.00"
1Mr11NVsHsKKrzpGwXoBbUw3c8coknwAL7,"7,000.00"
324rP14bzX8kW1JWt1J8ohZjDFyt2G68Kq,"6,999.99"
1FJuzzQFVMbiMGw6JtcXefdD64amy7mSCF,"6,999.00"
3FdFFJRqvBWKEjFqkZhxuGbN9HNUVAfLqF,"6,996.29"
148vGgpfsdztGw7c9wH57bvgT1ev17mpyc,"6,989.99"
1HXNiCiR3ubLckQ2EsaYxmHVUKTxHTi3QC,"6,924.94"
1Ac2JdpQ5c9NeSajdGx6dofxeXkn4S35ft,"6,877.72"
34MSicAL7qVGkevFPLwyc9KohGzoUSnu3Q,"6,750.00"
39ARNYJHoNoVJw5f9fBgn7qcec4r91gsQ8,"6,699.98"
1NDBJSEFCjf48HRwCW21xabminExXyvs9b,"6,679.40"
1P8esqY9ESg9T3uyhyhjnss9tgqiyrxpKX,"6,672.00"
17rfparnM8RaaUyuHFNC9ErqkvRqebNPjE,"6,621.64"
1A7znRYE24Z6K8MCAKXLmEvuS5ixzvUrjH,"6,551.66"
1LVBnipcnkwqHKaXcHeV9gcbPMvByaJkqk,"6,522.41"
35NNpWEMBrZ3Fpw9jifj5E4Z8p7HDzG4xA,"6,514.95"
1AYLzYN7SGu5FQLBTADBzqKm4b6Udt6Bw6,"6,511.96"
1NpZcfBnaJeoRT9ZqwZVRMw3SRs546VsuE,"6,507.23"
1M5NkxdbwwRcmRnh8YpyBuKZnhMJGKjs9S,"6,500.00"
1JjKam5jq5FhrQkP39U7NrTCLbikL84iiJ,"6,499.92"
356Zz26iW3tYd1xWJjVGa8CPbjC9W5EW9f,"6,499.76"
3ECsDCb3YAxikyrbb2bRW9K18j5u8vufr8,"6,449.73"
1HTzd3sKVmrTNZ6QGisPPA1MvBkoyPiZWJ,"6,447.68"
1b2r23TZst4C97s1ZiUUE8LhwYJwunhYH,"6,424.62"
38gfemn6Ps54si7KeYZrPX3uLpiseuP7sX,"6,413.62"
1LQZz1EfxGRFedd7CNumFFeGPRvc4DH34v,"6,341.16"
33eU1zeB2S4x3p4ccSsnAChXcGJgtMrMtZ,"6,315.93"
1JxmKkNK1b3p7r8DDPtnNmGeLZDcgPadJb,"6,315.91"
1LBBmkr9muf7RjjBbzQQvzNQpRRaVEnavs,"6,200.00"
1JdTWTAubsDWXWd7wcsFwMuSapMBh6efrQ,"6,071.50"
3JPauiFhP4K3AevmgNMFfMSN7pLZbuADJQ,"6,001.00"
1J3B2ucUpWjWPPpejUCoLN93Gwz3q65CTd,"6,000.00"
14vbdGfYS7UKMvc4334UZDvTMPFA2G7zCB,"6,000.00"
1JECFWTZsRw65y65DEVR2djXv2KMYfuo7A,"6,000.00"
1DwSAnZw4Gk9FotgWZhRb3Nzqi4PLdU8M,"6,000.00"
1JKDzFHcb6KBybKSquvMw1FrxXhvBdMiB5,"6,000.00"
1K8QG4fuswaWFZ2fmmuxVKaWibi9H95iGw,"6,000.00"
bc1qa56lzf7d05ttur003zmuzwrgl3x0qau5zm2qzn,"5,972.94"
1DWxysF7GPRYGShNxL5ux2N2JLRa9rbE6k,"5,946.52"
3NbksiJft1spwvLUuQv9SBJwukpVi4aMaX,"5,910.17"
138EMxwMtKuvCEUtm4qUfT2x344TSReyiT,"5,907.56"
1PNJfc9MzeBGV1UAjegqhFJb3erejqKHCi,"5,904.79"
33ZNiyx5Z5CMkULX7ENvcKKxFNCzGJv5vQ,"5,885.20"
35vGkkxF6wr4n9CLYi35ufZY4T5vP4wEqE,"5,866.92"
3KTeq879YjzhqkAXzZmdapJAVC6qz5qEth,"5,835.89"
bc1q3waju5teta3m6arywqehzr0xa2xmn92k2mnzhmsee4hjghcnwpqqlpw5q4,"5,786.53"
13n67sFKgqLDKp8gx8Xvm6scdfY4ZeaU8p,"5,700.08"
3NWndKFmvV6cJ6ENgXVeaDTo3mBfAvr27H,"5,692.83"
3R2Hzkp1vKi5TNuLdUTiQphJQA6SKLa7zS,"5,650.33"
bc1q22jekef2t8qkxtrph57pnjh9scpw6df27ujwtkjms4upx32s3uqsrkewyc,"5,624.68"
18oP9DDaxKrC3XTMC2kZK1wLDGwUcky2oR,"5,619.54"
1DR93bfKVCUJkDvPuxbUAEtzYRaJEnwjNt,"5,600.00"
1CCqLR8YrUMPFgYZWwLW8FkezbFjfeXD8n,"5,595.32"
3BT3JFq8MGHK4YzsXfFWmEZ3bupJ1Cmgp8,"5,587.79"
1KRVgStcQtEhDwYP5TE84JEuKEPuNie1w3,"5,577.85"
bc1quv866t7ke929gxttpgc2u30ffnczpgfrjugwxv,"5,500.00"
13JMfTJCnbXYRG7gwR7vmxWkbCVR4oqXsy,"5,485.86"
19VTgHTWhM8xi32mDuCLR3kAgamRMahTu5,"5,305.99"
34ML1dQ4oqM2HUw8SZMJ2aBB9hY2qJY65Q,"5,255.88"
3QhAtiUeg2HyxgvxJsXHUXs4mx4Uwz8wEG,"5,209.82"
1BVtDi7txPCG2TH5Crd2Rw5MtpivbmoKgB,"5,185.73"
3FddR6a4Q7QHuMXW1BQdufgKZm7LKLK8ca,"5,155.62"
bc1qqn4q5yv7feltnsfwzxwm3fluryqqzhhp6457h6m4ytq7mauxlxgq872p5f,"5,128.00"
3FAxrWQVgNNUZ4FCjRQgzDbce1vTyonzwC,"5,084.34"
1BeouDc6jtHpitvPz3gR3LQnBGb7dKRrtC,"5,075.00"
1FXHxbZ8HiGDCUrkainA9RKzqfHHkGi1hu,"5,003.97"
31i92LvmPTvBqi1F6wu81Ex1bUMMs143d6,"5,001.00"
1ARWCREnmdKyHgNg2c9qih8UzRr4MMQEQS,"5,000.02"
18xGHNrU26w6HSCEL8DD5o1whfiDaYgp6i,"5,000.01"
bc1q0uelajkrvamkwa3k4gj3hfmmfznhxxlntazqlc,"5,000.00"
13BbsKeTSL3jQSBd2DBityLoHbHWRfMnXN,"5,000.00"
1LH1dY82QFtNGinBpCakU5WcTUKRyuztTz,"5,000.00"
16Jka2DrvEGGJ6ks2kXRpxmQZLQmAFRoGk,"5,000.00"
1NQEV6T4avmPqUVTvgsKkeB6yc8qnSWfhR,"5,000.00"
15n6boxiQj45oHcmDjtNMjh35sFWZX4PBt,"5,000.00"
19z6WynrjHeD5MMv6919BuQRwybuen1sRv,"5,000.00"
14RKFqH45xYPMpW4KQ28RB6XtrZ8XpEM5i,"5,000.00"
1DaCQDfStUgkPQXcf53Teeo6LPiKcVMBM9,"5,000.00"
1NJQZhzYac89fDhQCmb1khdjekKNVYLFMY,"5,000.00"
1BoHTYLm8myeCfvkFZYZVcX5WjHTfY6Nae,"5,000.00"
12ytiN9oWQTRGb6JjZiaoWMAvF9nPWdGX1,"5,000.00"
1GJuHSLW59oqBAbDEXpBRSnHdwS8yaksQZ,"5,000.00"
1BnwG7S6J3Rj7Pg68VdjAJEqoEr3GYzM6W,"5,000.00"
1Lixqm3v6TSuZska8xNMcBSFbfizUnuHNL,"5,000.00"
1K8BSkYDosEdzWhV27fLjcqkuYTeazuvsv,"5,000.00"
17sybmVbrihr7GwjZ7bBaKsECnaq9GqPvk,"5,000.00"
17nLZX3RrPZJrGaG2YrngPR6TBXKsxeczT,"5,000.00"
1M1WMEzrtYn5SFa7DkixAkaA4AyJ3kYrLY,"5,000.00"
15N6mfdU3wn9TubMzFrvJyKN2vXiUmQGjb,"5,000.00"
12qTdZHx6f77aQ74CPCZGSY47VaRwYjVD8,"5,000.00"
1LXzGrDQqKqVBqxfGDUyhC6rTRBN5s8Sbj,"5,000.00"
1LQKFmdYrN9egC5grf8Thbcuwwv4sE4RvP,"5,000.00"
bc1qww95hxxsm469pjt83qnxfqvfur38hdlpsfksrhtt2y6kjqst5mzszhv4z7,"5,000.00"
3QnERXJPbFBsBN6PH5NdrioEyo192CQ5nj,"4,992.06"
3FiMKffg2kY2Pi2Kebn2HZqN7m6kEcNUMk,"4,956.50"
1Btud1pqADgGzgBCZzxzc2b1o1ytk1HYWC,"4,900.00"
1BXZng4dcXDnYNRXRgHqWjzT5RwxHHBSHo,"4,900.00"
1BvNwfxEQwZNRmYQ3eno6e976XyxhCsRXj,"4,881.14"
31oPJn8YkoaYYe2aTEAAocCJqBxzHpugQt,"4,877.58"
1FVd6EEQnfq8UPDTzfcCBKZTR4uGGJzbgH,"4,847.10"
13yhYcvXfcv2CtooRTokDm8vh897KUigtV,"4,833.33"
35j7hbYS9QnKHgdrJF4MozcYwax11J58DT,"4,819.54"
17spLhCpZVdQXFz2ZL1aP5gRci6RFVNhrD,"4,816.99"
1LhGPB4qCaQvup5xpfoeyzoKwjxUDodmDK,"4,812.66"
3L7sCB5V8PZDyRh8YL4swcSDm7L5gNPfcY,"4,800.00"
1Miy5sJZSamDZN6xcJJidp9zYxhSrpDeJm,"4,792.00"
1AaJfJbaoP553HGpmXvqYwZ9a9q8SE9NgX,"4,754.80"
1Fo497ay4yuv3zQoN9hDWTGuNb33ciioR3,"4,750.00"
1Kq6hXXiSpdp9bg9hDDyqm8ZfvgZmzchjn,"4,699.40"
17GGGHWtyi7e1rxnEpcKpE7fHq1UZBguAb,"4,696.33"
1Mt6STNGoHGuDziUSCagqTGNGrbDFSBxRn,"4,673.23"
1FTvwrv3zDfF6JnWEukYN1BKQkd3W56ew1,"4,628.78"
1NVuvqYpZPnWSd5Fvx15dq6u39ongzxLL2,"4,610.00"
3L9hddHJMnpE1qzofQ2TSvMiiMf5ejX1Yw,"4,609.70"
3Pv6S8ZEcQLmXigA694aUZhVmnLUjNzxcc,"4,600.00"
18VmXvkF4cgLi35RtMiHHDpvMjUCyVpQ9x,"4,581.95"
3Qjq6aeytQie3abd8ZEM9cNfPDLpNWZTEk,"4,581.94"
1ERUJAp2izGN47noZTPYF3GMRHfo2icmr1,"4,522.53"
1PNkzoSzRgMEZusn62vR4SJsFci18gP46C,"4,515.60"
3BKVyaECHNSPAgZpy72RbBWVQ76Ai4dqQV,"4,508.57"
16aEn4p6hK4FMpLtJGpoQZMZ946sDg1Z6n,"4,503.26"
bc1q4xq9m2fd30nxd6n6rkhstd3qxd3a33573afy6y,"4,500.01"
3ANziRvoBdNGkmGopgyhvzPuBvcL8sRL7S,"4,500.01"
bc1quchdh8qk9wx40agh5ywnkrwsdqstlcp80aw6ey,"4,500.00"
bc1qezn9rjetad3k9mcd9zzhmv56ypjz7qv0tssn07,"4,500.00"
bc1qsnd6zut5n59cfha2vynepgxh7ppq4rcfsu09za,"4,500.00"
bc1qyf240gfzmgmwemxhrwnep5fe4z3a067vy3mr36,"4,500.00"
bc1quffts3c992h6jjur98pwn3ga7jerj4ljee26ss,"4,500.00"
bc1qhvfd4368afv89qdncra8l9r0g35y7jwflwe056,"4,500.00"
bc1qfkdljt8e3hqqk43nz7wsl4usrylsp4rl5d62p4,"4,500.00"
bc1qxhkn652vt72zy9n2s3mkv2dk5y7ny7dmt02lr4,"4,500.00"
1MLiPwYjNACQHREFKwGtkPpWgd8PqpbuQ4,"4,486.86"
1BCEtYsVj9vYEBCWMCNVAPEJoPwVuQwit,"4,452.82"
1361wC48gW19mKAJmAkdXScLZKYdXgViS9,"4,400.00"
1C1sUtw6fYa1Yr5wexrH2ayT1ZykD9Sobx,"4,400.00"
18gYq8BpkbcizC4jZ9zyQxo2NBVEQ2p4hM,"4,400.00"
1PjPfocmxS262puhYqUwaagE9zBJTZHGwK,"4,400.00"
1NSbFq6rCeSC1p2EBrov5R1uUTFRBu8tcs,"4,400.00"
147sPaNaqeyQp8GS2oAUajhb9d4PZ9xAv9,"4,400.00"
19RtRzXV5px91eMbWZFCWLZRUeQX5XxxnJ,"4,400.00"
1JFUG5K3HidvfJD4R7nKyDJikmFpPcBB2,"4,400.00"
16b8LpbDa38xrAQHVVDrC3xyztPdRaX5a2,"4,400.00"
19RtRzXV5px91eMbWZFCWLZRUeQX5XxxnJ,"4,400.00"
147sPaNaqeyQp8GS2oAUajhb9d4PZ9xAv9,"4,400.00"
1NSbFq6rCeSC1p2EBrov5R1uUTFRBu8tcs,"4,400.00"
1M14kQL3zfyEAHx6JCM3gsZyAxyiSDMWdp,"4,400.00"
1FZcb6BU1ZbHQJcby7vDF2Na1z9UmkGSSG,"4,400.00"
19tiUa9nsPTgaqWNHaM9QyCfv4Wm9dVeYa,"4,400.00"
1MJZLeLbsoSf2kuDr5gAX3QE93BvhvqkCC,"4,400.00"
14Ngt4akcnVgaoAMxoMqz9rPcP3bYsGbbM,"4,400.00"
1JCozFUFS5TBAAbnrr9jRWDVQURo2kGeRq,"4,400.00"
3R1hBCHURkquAjFUv1eH5u2gXqooJkjg4B,"4,380.88"
1CbSZKUVW7YneBe15eHe9QtGpErChUxgWh,"4,352.12"
1sswvtzmd9nXbEFDawYPwm8UEdzjbZvpv,"4,350.60"
18Hp8j2JMvwtPs1eqNaYEEVvuFpjQJRFVY,"4,333.00"
16eb495TbiCRbRbZv4WBdaUvNGxUYJ4jed,"4,322.33"
193c9dUtSs3cYxbEtQz685dFyU4rW1ewFy,"4,307.65"
3N5Nny9doXSfjYh5k9XNdG8baE1kiayx5o,"4,289.12"
1JCrPqogEKEpM9fuFQV7LpF9e8cgf3YZ8m,"4,250.99"
17sdJUuR27w5vJrDP2wqEwcSUo7z3r4X1D,"4,238.91"
bc1q4c8n5t00jmj8temxdgcc3t32nkg2wjwz24lywv,"4,200.65"
18hFBPU81kC8V4Dp4iwdwQHakKa5TW2ZkJ,"4,175.77"
1DTBF2ooVxKTni2McYwXujbNv6wRvjP9ms,"4,164.22"
1GX7i8jG8DD1mG85BNnz7xybVhSmw84Uii,"4,108.80"
1gtmmzwhqUzhb8XoShHwgyrzbJwdZ47ok,"4,073.45"
1N5NqDWiLVqtU8mEzCNEeEbQVHwuGGChJs,"4,049.00"
3HDCw5jHZt5J6Xm59c2NzsFezK7TeUk4Fw,"4,032.17"
1eNYBayUb4UfZH1HEBeKZv1eLAB8MuXG7,"4,020.00"
14q2eU3FHbxvi9jLcRwVhrBUBDK4C1nFZ4,"4,004.65"
3CG6LKSJTZ7swNDp7gW3obiK2hCF4AJEik,"4,001.00"
3KnR1WbZj3TEnpweJHnVEXcpgnjA4gRdqr,"4,000.12"
1VeMPNgEtQGurwjW2WsYXQaw4boAX5k6S,"4,000.10"
3KyRfRJKHBtq3aMx8vDJvMc6UgV71QZh7c,"4,000.10"
38wrSrgRcUFmsgcWFcsUeZypXnPHQn8Nzg,"4,000.01"
1ALXLVNj7yKRU2Yki3K3yQGB5TBPof7jyo,"4,000.00"
1LwBdypLh3WPawK1WUqGZXgs4V8neHHqb7,"4,000.00"
18eY9oWL2mkXCL1VVwPme2NMmAVhX6EfyM,"4,000.00"
3CkcwbJSg22rng8kmM5h3xM9wAyx9LRjTT,"4,000.00"
3DvACYtTcYh2i5cPmjs1APsbxpW4BxuJAU,"4,000.00"
3QbrveqTynaBCkLErjkKpQiTtNwXxZMB57,"4,000.00"
3QjeqXjQezmmC4rueLJh1d4pHKDPQiomBJ,"4,000.00"
34dUnJZeubiRPRwcPTKSCheijXjGTMpppX,"4,000.00"
3Bg2GznyRPA7hKb8djGwRZjr87XR3MrUgZ,"4,000.00"
3MD3yyLUJLGwB5JgcPot92mwfHNE2MxwLe,"4,000.00"
3KFiNrDGfKotN9bb6DS6MKEhtuczpx8P87,"4,000.00"
3311NrsdWmckE8NL5CbAZV3RcKTM8vSChV,"4,000.00"
3Nt1xMD3qrZVqENorovfZue3bqtgtFSarA,"4,000.00"
3BUQ3zeV52QPX2SHrnBPjmdHT7KbzF7cuC,"4,000.00"
39Awb3BMLSXavNPmMEmgpVASUw5KwiEf9r,"4,000.00"
1MPsPzkBK3w8J6CJyAFUkoiSaxTqWRabsk,"4,000.00"
1HJDQbLauXEkzsTujzw5PaAqbcDCBeLiq1,"4,000.00"
3JQNfs9VaXtmRyz58EyZQkabVe5aGJfoCz,"4,000.00"
36euC4YcLjZ45sJoUU7dcFLJHQqquwwmW1,"4,000.00"
344wBbWL6kB2gWgnm2TedRz2Mxx7JXQPiD,"4,000.00"
1JUuAaHSuxy4hSuBz3HknjLdCtmL28Hcj8,"4,000.00"
1DWB2HajYBcDBuB2iSGzRVaCpcQKEPvCsj,"3,996.81"
15MZvKjqeNz4AVz2QrHumQcRJq2JVHjFUz,"3,962.62"
35h3wuHCVzuULtL7nRtYq9bzWVRR554QbY,"3,950.00"
1D9Tagw8NWdG63XE5Sy8PsGHxtEyVJWQrg,"3,932.83"
3QsYQQ3NsdBKM2KhBbYZWNmcrZEg53fTo6,"3,915.21"
1812yXzGSekCMvWE477MK9q7PDYcdSNBNT,"3,900.91"
3ArokeDnjU1vk4dVwUQwG8G72xdToCRcsR,"3,900.00"
35yDLvasRfNbHmauLzkqzJpiYS8rLRMGfs,"3,885.00"
16rHb8gSWsywJLX37wq7SRJqe63uUj2dFv,"3,875.00"
bc1qltscvfhgvrq72qvhu08t3yytc4wmelzwzdgr0g,"3,857.53"
32C7cqGYud2tKmKLHYRRJQrRwTgUHcagxF,"3,845.00"
1FishZMR2YSmussTBMCPirja83C3d3CCTX,"3,839.14"
1Lr1soxrRePGNaV7w5JXoD4qRr3Aj2uZUY,"3,833.64"
3DUP1Cux8Mup121rrg8a26G9V8mEvaXGHN,"3,805.00"
1Ny6TcisB7F2Njjw8Jwi4x4yjsyRfLEQ15,"3,796.65"
1LRAJB1Jb2U36ErCUgZrowGKWvZVqqttUw,"3,782.37"
3Eoo7XBRKcR1Wvv2GXXGUMVhhqjPC3Gsmu,"3,765.00"
3LBEvhU25y25GzAqBiZu4w4aH3fCq8Z7yM,"3,758.76"
34gGgBEHeHM7SSwboNnA2g7PPehuT1zZ4M,"3,745.00"
1fw4PbvZXdzbKo5WD3hdSvqKDze3g4HHe,"3,739.80"
bc1qrvckdasv785efjs6m3vp240sekumanjd3l7wdk,"3,726.99"
3QRGD6Rfer3EvLELhuHb7tuujBHXXWAn8M,"3,725.00"
1yAFNheT6MyMddhYXqjW9yYgNh6KiKTWb,"3,716.01"
18agaV9WL6JUq83657mQNCXMddztPWRLa8,"3,714.16"
3EGAFRqTPxjUHPKWuHBNh7BbCcPmwGGbh9,"3,701.19"
3Fe5XTJXrT6BCSRaGXxUyaqc3W2fyNffWP,"3,700.00"
bc1qhm45cy7psm88yhu3564v7mchzxqzdx0hr5vk39,"3,699.98"
33xykkULBPFjXHg4XNEr29MHMszfFyqwag,"3,696.25"
bc1qlqpjx7rpl8rtnm09g4hnupp6dtvldhdqxyk03la4s5rzawjvgzws0hqmm5,"3,695.00"
bc1q4jchcr7nla277su5lpjzttxp3xg5j8wds5lcwg,"3,688.41"
3C4DYuMD7d3vZFFy1tTWQXVFksjB69L9By,"3,685.00"
1GMFSWQQQhCQyRNQcac9tDKcvqYCuripVs,"3,674.21"
124YoiaSaUssbBeP5RukbSN9Evc3UJfwPj,"3,669.89"
37xhAoRvvtnaGEACDz96wH2Aaa3YKsKrsf,"3,665.00"
1P7Adczd3ikxfCzTGtZBAYNLS1pxoTnZPW,"3,623.14"
176qitpjwyEkPcnrjbTixXfRJNX6GZqCZ8,"3,622.00"
bc1qwfgdjyy95aay2686fn74h6a4nu9eev6np7q4fn204dkj3274frlqrskvx0,"3,608.06"
14mPMrRm6TdjqHZhd7aBUbuWt5MYWReukR,"3,600.00"
bc1q9gkp6stycd870sc9sv70ulj7esd7ynmgqfdaud,"3,572.95"
18h6Qix8BKR6xJBfhNNrkftPkWT98ggd4R,"3,572.00"
bc1qg87c30jyj5nrf3jl2puv2w9fyy9pfp554sxn9t,"3,552.31"
bc1qzk2pyxtahg64cx6gyq02vrw65fdxtpr253r4ygww9n2w2zjyy8wsnyc666,"3,550.69"
3H68YVEUtMhaSBVjhsWaqf9m24PNBSEhst,"3,537.21"
12Ze14vvoMxEAijZcJVCTG8uzcPB8TSTrs,"3,535.62"
bc1q9x82ww3mngsvpdmq30t6m4gmhksdwdaaprlpvr,"3,511.52"
bc1qhkya3avpxfm0pajdw0h89gaa08vyk924zj67v0,"3,502.48"
139sSpXdNypZNwcnj7PGAnRugUdS4adjTw,"3,501.81"
34AwwZgz944uufKRc73LP6aW8t427aSVCR,"3,500.00"
3CmoJjZa9tkFFy24UfJmfDYCsmQznyMXm6,"3,500.00"
1HRpC4MqQsvFpQRpXtxnyB1Y3YQfwY21Du,"3,500.00"
bc1qkj2qdzlzh2aptn5cu52ucf3nkmjj9x89qrd0tr,"3,500.00"
1PnZrjuLngJ4Fszu5DY5ATHyAeNgT2FRvY,"3,500.00"
3Dhk8F6KYvMyqHN1r4kAT8t7SceK7yDjA4,"3,493.10"
bc1qtt822canp6lmrqhvtyg2hc56ypgpyudp0zfua6wjsja6fu25afvq03vt42,"3,485.29"
3KBfn165qiWF2At28q5U8LgWKgKByVZeEV,"3,475.80"
13dAxZq2hvPhfv7sDWTJkxX7rUtPdEoTBQ,"3,454.73"
385VzfGx8gi89AccnhMynEx7cWWVLREXW6,"3,411.00"
32t9pyUfVD8qqaRv8LmN7ZydUYP655F3vn,"3,399.88"
1H5z9ueD1zRZnaTGuPAGjijBqCtMt7xYCW,"3,384.26"
32rfTaWCsApSGJQLFJAV7Q9aveZqTYuu74,"3,380.84"
1KozXNordVX493x2xutF2ecvMH853VveQz,"3,368.00"
32AZAfGT7QiLzDuUenYy2eWJwX3MEs42hb,"3,355.66"
1FvUkW8thcqG6HP7gAvAjcR52fR7CYodBx,"3,350.00"
1BQN5YFDvYpU11b7V57w5RerYYhhdHFfmk,"3,346.92"
3CCxFk5tDkzbbJ6qJ1j3XTchh6yBuNahFd,"3,321.10"
1CDCroskTxZ5kxqapDAkR8LJhs83gHuqAC,"3,310.00"
3Hbe3PyXhdQYaMXjGrBvkfAWvYsggDkMJZ,"3,309.61"
3Mf1tGQVx5JmpDY1Rs1TocRiE5wG4Pekn1,"3,308.83"
39WiuUtduPwTVxJV41TpLQCGYFVVcAq3cT,"3,300.00"
3CgKHXR17eh2xCj2RGnHJHTDjPpqaNDgyT,"3,276.26"
15CZNdLMnEtocBxDkF94dkPGRbGny6FWYg,"3,268.00"
13Lrhbr3wy7yTxqKhARHK4n4MV1guYDS7M,"3,249.99"
1Gn1GzVa88T1X3fdhejyq6jrZs43T24xW6,"3,248.80"
1PTYXwamXXgQoAhDbmUf98rY2Pg1pYXhin,"3,233.17"
3J9Z9myrnrPU9c5ruYybKTmqMXAHNQ4wBH,"3,220.17"
3J9Z9myrnrPU9c5ruYybKTmqMXAHNQ4wBH,"3,220.17"
16oKJMcUZkDbq2tXDr9Fm2HwgBAkJPquyU,"3,214.52"
1GoeYthcSK2H52MAGbE1huVxj56MDfTXSv,"3,196.17"
139kU6JAYerVkN9xWLU6fd8F5rWBa11Dik,"3,190.66"
16iqmhUox1Vh8yjR71SyuYRfP8oRwXspW9,"3,165.87"
1MPteKJ2WSm8R7DccAwZG9GfDk6zD24LCt,"3,150.00"
193zge613zys7eSkQYQVd9xubovLN8Sr6j,"3,144.66"
1L9ipUywwErf9EaKCgLqrkoSM5ab3wrjvh,"3,140.57"
16mbJTjtaqzTXajm7uJLspS9FkYvPgspcs,"3,130.12"
3JZq4atUahhuA9rLhXLMhhTo133J9rF97j,"3,117.95"
bc1qh3uv3ju7g8tsykev3dfnpjua299pjtu6qxk5r2,"3,117.00"
14m3sd9HCCFJW4LymahJCKMabAxTK4DAqW,"3,105.27"
3Gx9ME2BMXE1UpANpxffheXJQ5p8oU5ntM,"3,101.52"
3N1xWnCNpWJchpC4YckeimkXRyYA7M2iks,"3,100.00"
1F8dhwpanTXmMczj3uQJCfu85Ngcbay6h7,"3,085.83"
1EgH7EUfgjr8gAK9t1BeHLDC1ijrVvdec3,"3,081.59"
18jGeboNHt1YpsDFcCeYPKm8qnAe9942BG,"3,068.66"
bc1qfd9wg4eh4ey7ar9my04xk67mxf7rax8nkuwqjqwpttkcqj6wqkcq3kpx98,"3,068.17"
1KGJ2S54Sa9SP5FgAiLK2Z6LzaPgGXN8xt,"3,023.09"
bc1qxmmt920rqnd9238t6qw98ld3jm2vfq5fgr4v2x,"3,018.16"
3PBHZqahLuSjcyE6kBcesFT2DzgAQmzYoW,"3,012.52"
3AXHUcAmZV6CcGWWx2fLG4y3iussx3rs2m,"3,006.59"
1NArHAFLdfQmq17P6Usyr2myD6eYoX4Rw,"3,005.41"
3GgrjWzCbcsX8p2KW23mCxEVHdpkKysE7F,"3,004.50"
31k2z8HocUWMCMXBkXREPiXNgK2fB3iLwo,"3,001.49"
333KZ47UUs6teM1guthwnMrPrEt1Q8Venw,"3,001.00"
33U4zGfg7TZRFnAyGYJ54wqiwwkfwhvMef,"3,000.90"
14ZTD3RRqMt7bUMBqz4Si9Q7nNndduehrw,"3,000.40"
bc1qu8ehf0wpyrdugdj9u87mghn2trw2fd5ynezp9wwm39eerzmuue0qj5d5yz,"3,000.03"
bc1qrad37uwl8nzzwu99ypnuy0erlvg9uldtnrz5778t7r63zhw05plq6m5t5n,"3,000.02"
bc1qh4zyjva0ascrkn70x034f7u4fcvst34muyrz2reuhhzf599cdp8sag9yd0,"3,000.02"
358kdK7T8pVtDgDWRSKw8CY99wbGF8hw5K,"3,000.02"
bc1qsnvgrke99v7whn0kva4fyutaz64ahat8p77geqnljjfgnnj4dy7syx6tp5,"3,000.02"
bc1q7ssh38e67xerkzupaxf2d5vu93dkkpmdkl7mgcujepcej0rfz8zsxpuq63,"3,000.02"
bc1q8w377y0nrtwzpg6ezthqhkvnuq8juva0mzvkqhsx0zur3338eh0qdqat53,"3,000.01"
1GEwJ4oiNgnLXRuSuRMb2A3vEz6qWMAFnj,"3,000.00"
12yEYfcSsMfDwMehRcKcSuSrQBPCKcMVUc,"3,000.00"
19HhmfxGsznL8K7wXjZiFnhqddQucgfZzB,"3,000.00"
15DtovKcGFiAJmyVfbjvCXHyjtyoZhyyj4,"3,000.00"
1ArZGb5V24gAgN51FeQknobi6kNyGx739r,"3,000.00"
1JjMoB212ctAiuDvURyWhs813yY4c75cap,"3,000.00"
1FDVbVJYKkWPFcJEzCxi99vpKTYxEY3zdj,"3,000.00"
3FupYaQukCdwj2ExvvwzACZyR12TFWiR99,"3,000.00"
1MVF8AAPoRyGWvkiqfK39sQUyAWE5aGnJx,"3,000.00"
1GnfxbnkA81CXcj13raWvD4sC5CedLHa4x,"3,000.00"
12kT8drxKAegK3zcvUUNjmXGWJ3czBUJ5S,"3,000.00"
14i17MhFsLsfqJ9zo3fX2v5gaN6YogVFEB,"3,000.00"
3K7VNBbBN9Y8r42BJkfsBWGKFEjg6RUvSd,"3,000.00"
1Bw2SMM2out6mp2JkcJS5cnwBa2jz1TfSY,"3,000.00"
3M4Swkfbuj3ssg2SpSzWFLUXxvibcx7RJ9,"3,000.00"
35ToPeGmLienD7gmBLk9is6anXNXP4bVHZ,"3,000.00"
36YMp2Kib1y8BE9pTJTdwbFsoo1KokHhid,"3,000.00"
1E48nLcPqreDQeVacGp3DCtntzAUEQDGfm,"3,000.00"
1Hc4EvgZmWECnETeTL4w4ySz76JxubyRjw,"3,000.00"
1EdGpTG4Eb8Ht3zVFog3iCgCkU47NBYxAV,"3,000.00"
1GUNPhjykrBdET5sauhahRoN6Xb9pACs5j,"3,000.00"
1MBPNZb1Rakm8hYaP9VGqUU6gyJQUod61y,"3,000.00"
1MiMpsMkp5rsJFK2anDSF8MLgbPa8TjZf6,"3,000.00"
16Ryg5mxg63HPrqfGVJRV84j4wkMASJyDG,"3,000.00"
1JwGFBVbhWJhJYAHBWrqdZaMgumvqjd5pe,"3,000.00"
14kHu26yWkVD8qAnBfcFXHXxgquNoSpKum,"3,000.00"
1AQjrsnfYc2ftaRa5EgFVSmnxGf2dwbiFq,"3,000.00"
1LuXAjLWwxmv4BNd1RaZmsV7ABBFbV9qQf,"3,000.00"
15eAzNW4UKSSjyCSTgMN5RywagUqk3wfAL,"3,000.00"
3J7Hkgtoqgpurrf4VjLyVovCjTRLxkfEYX,"3,000.00"
16rF2zwSJ9goQ9fZfYoti5LsUqqegb5RnA,"3,000.00"
13U65BuSk5ijEu3k8EEiDrGyCmyCoRxYfy,"3,000.00"
1DnHx95d2t5URq2SYvVk6kxGryvTEbTnTs,"3,000.00"
1EmpiXwB8TsDZsFhgmbatzFPqPoGz9mLhG,"3,000.00"
1FTffByHZYJNdtZufVhCkRG8owevrCfUqZ,"3,000.00"
13rCGm4Z3PDeYwo5a7GTT4jFYnRFBZbKr1,"3,000.00"
18QUDxjDZAqAJorr4jkSEWHUDGLBF9uRCc,"3,000.00"
3Nrn8p34wdYs72oa5BmcZnNuMEgPLTcNgQ,"3,000.00"
32h5u6KFHAp36krAesBw7CL5ag6CYnSWFj,"3,000.00"
32EwvUaoMPjcDwM8NDyv1FnbSZ2MH6Mcmi,"3,000.00"
1HW8JWv88cBFcExStGwsf2KwMcVJBG8ioX,"3,000.00"
1AumBaQDRaCC3cKKQVRHeyvoSPWNdDzsKP,"3,000.00"
1CE8chGD6Nu8qjcDF2uR1wMKyoWb8Kyxwz,"3,000.00"
1FY6RL8Ju9b6CGsHTK68yYEcnzUasufyCe,"3,000.00"
1MbNM3jwxMjRzeA9xyHbMyePN68MY4Jxb,"3,000.00"
